{
    "allowClient": false,
    "conditionSwitch": 1,
    "updateMode": false,
    "commands": [
        [
            11,
            1,
            null,
            "",
            3,
            -3,
            "<span style='color:#FfFffF'>请问？</span>",
            null,
            1,
            0,
            {
                "___cmdID": "71360351179_0.7668318613070881"
            }
        ],
        [
            3,
            15,
            -1,
            -1,
            {
                "___cmdID": "71360243824_0.12068922377196056"
            }
        ],
        [
            4,
            "造新船",
            -1,
            -1,
            0,
            0,
            [],
            {
                "___cmdID": "71360243824_0.20730104275649275"
            }
        ],
        [
            20,
            "",
            "// 当前的事件触发器：trigger: CommandTrigger;\nRoguelike.ships_ui_type = \"buy\";",
            "Roguelike.ships_ui_type = \"buy\";\n",
            {
                "___cmdID": "71826881471_0.14205015853958702"
            }
        ],
        [
            40010,
            {
                "49809728719_0.046619702255007": 0,
                "24538808102_0.9970934946254328": 1,
                "49612012650_0.7509974095572418": 1,
                "24538808435_0.6230939565765392": 8001,
                "49518385245_0.9308839798952664": 1,
                "50689082740_0.526404642451832": false,
                "49141521249_0.2965750598394892": 0,
                "49519573910_0.08853124862540018": 1,
                "49141521416_0.0884961804795068": 0,
                "49519590084_0.3058131165318816": 1,
                "49150249927_0.6881795527970145": 100,
                "49519636189_0.2521948025226537": 1,
                "49232462793_0.7622411974016037": 1,
                "49520636693_0.8404154506260593": 1,
                "49232464582_0.12430969584603324": 1,
                "49520744730_0.6026838995761481": 1,
                "49232999716_0.2133484967243402": 0,
                "49520812848_0.5734967173507821": 1,
                "49234813142_0.3142568229981375": 1,
                "49520873912_0.5927053372462527": 1,
                "49599648354_0.3738368266485066": false,
                "49518248081_0.4367396293869368": false,
                "49599660535_0.0823572381286597": 1,
                "49518318443_0.5988810162565685": false,
                "49519399740_0.07229930251623617": false,
                "49519436070_0.9418611019894294": false,
                "49519475735_0.9428268094401824": false,
                "49519529748_0.519982170810438": false,
                "49520771123_0.27311479097864666": false,
                "49611947752_0.41521729946538755": false
            },
            "71826881471_0.7951961002342312"
        ],
        [
            4,
            "买旧船",
            -1,
            -1,
            0,
            0,
            [],
            {
                "___cmdID": "71360243824_0.6558701287933193"
            }
        ],
        [
            30012,
            {
                "44481964653_0.3751238683183915": [
                    {
                        "isEquip": true,
                        "item": 1,
                        "equip": 8001,
                        "numberType": 0,
                        "number": 1,
                        "numberVar": 0,
                        "priceType": 0,
                        "price": 0,
                        "priceVar": 0,
                        "numberTypeItems": [
                            "无限",
                            "常量",
                            "变量"
                        ],
                        "priceTypeItems": [
                            "默认",
                            "常量",
                            "变量"
                        ]
                    }
                ],
                "44631537733_0.7054904907123132": "∞",
                "44672138187_0.8035975208575774": true,
                "44693410713_0.27400092591844705": 0.5
            },
            "71360343170_0.3713163286299199"
        ],
        [
            4,
            "修理",
            -1,
            -1,
            0,
            0,
            [],
            {
                "___cmdID": "71360334152_0.47530665440887465"
            }
        ],
        [
            4,
            "离开",
            -1,
            -1,
            0,
            0,
            [],
            {
                "___cmdID": "71360334152_0.2239511434385102"
            }
        ],
        [
            10,
            {
                "___cmdID": "71360243824_0.3106967773830802"
            }
        ]
    ],
    "id": 3
}