{
    "allowClient": false,
    "conditionSwitch": 1,
    "updateMode": false,
    "commands": [
        [
            11,
            1,
            null,
            "",
            3,
            -3,
            "<span style='color:#FfFffF'>请问？</span>",
            null,
            1,
            0,
            {
                "___cmdID": "71749457075_0.8080520388468089"
            }
        ],
        [
            3,
            15,
            -1,
            -1,
            {
                "___cmdID": "71749457075_0.8835527207475995"
            }
        ],
        [
            4,
            "买入",
            -1,
            -1,
            0,
            0,
            [],
            {
                "___cmdID": "71749457075_0.8780046624271645"
            }
        ],
        [
            20,
            "",
            "// 当前的事件触发器：trigger: CommandTrigger;\nRoguelike.cargoes_ui_type = \"buy\";",
            "Roguelike.cargoes_ui_type = \"buy\";\n",
            {
                "___cmdID": "71749509775_0.13290775516876652"
            }
        ],
        [
            40010,
            {
                "49809728719_0.046619702255007": 0,
                "24538808102_0.9970934946254328": 1,
                "49612012650_0.7509974095572418": 1,
                "24538808435_0.6230939565765392": 8005,
                "49518385245_0.9308839798952664": 1,
                "50689082740_0.526404642451832": false,
                "49141521249_0.2965750598394892": 0,
                "49519573910_0.08853124862540018": 1,
                "49141521416_0.0884961804795068": 0,
                "49519590084_0.3058131165318816": 1,
                "49150249927_0.6881795527970145": 100,
                "49519636189_0.2521948025226537": 1,
                "49232462793_0.7622411974016037": 1,
                "49520636693_0.8404154506260593": 1,
                "49232464582_0.12430969584603324": 1,
                "49520744730_0.6026838995761481": 1,
                "49232999716_0.2133484967243402": 0,
                "49520812848_0.5734967173507821": 1,
                "49234813142_0.3142568229981375": 1,
                "49520873912_0.5927053372462527": 1,
                "49599648354_0.3738368266485066": false,
                "49518248081_0.4367396293869368": false,
                "49599660535_0.0823572381286597": 1,
                "49518318443_0.5988810162565685": false,
                "49519399740_0.07229930251623617": false,
                "49519436070_0.9418611019894294": false,
                "49519475735_0.9428268094401824": false,
                "49519529748_0.519982170810438": false,
                "49520771123_0.27311479097864666": false,
                "49611947752_0.41521729946538755": false
            },
            "71749535740_0.3575529071288148"
        ],
        [
            67,
            "asset/audio/se/menu/Down.mp3",
            1,
            1.3,
            {
                "___cmdID": "71749535740_0.10454352503076358"
            }
        ],
        [
            4,
            "卖出",
            -1,
            -1,
            0,
            0,
            [],
            {
                "___cmdID": "71749457075_0.4102727460259896"
            }
        ],
        [
            20,
            "",
            "// 当前的事件触发器：trigger: CommandTrigger;\nRoguelike.cargoes_ui_type = \"sell\";",
            "Roguelike.cargoes_ui_type = \"sell\";\n",
            {
                "___cmdID": "71749539831_0.18779617021460848"
            }
        ],
        [
            40010,
            {
                "49809728719_0.046619702255007": 0,
                "24538808102_0.9970934946254328": 1,
                "49612012650_0.7509974095572418": 1,
                "24538808435_0.6230939565765392": 8005,
                "49518385245_0.9308839798952664": 1,
                "50689082740_0.526404642451832": false,
                "49141521249_0.2965750598394892": 0,
                "49519573910_0.08853124862540018": 1,
                "49141521416_0.0884961804795068": 0,
                "49519590084_0.3058131165318816": 1,
                "49150249927_0.6881795527970145": 100,
                "49519636189_0.2521948025226537": 1,
                "49232462793_0.7622411974016037": 1,
                "49520636693_0.8404154506260593": 1,
                "49232464582_0.12430969584603324": 1,
                "49520744730_0.6026838995761481": 1,
                "49232999716_0.2133484967243402": 0,
                "49520812848_0.5734967173507821": 1,
                "49234813142_0.3142568229981375": 1,
                "49520873912_0.5927053372462527": 1,
                "49599648354_0.3738368266485066": false,
                "49518248081_0.4367396293869368": false,
                "49599660535_0.0823572381286597": 1,
                "49518318443_0.5988810162565685": false,
                "49519399740_0.07229930251623617": false,
                "49519436070_0.9418611019894294": false,
                "49519475735_0.9428268094401824": false,
                "49519529748_0.519982170810438": false,
                "49520771123_0.27311479097864666": false,
                "49611947752_0.41521729946538755": false
            },
            "71749538404_0.510729208201067"
        ],
        [
            67,
            "asset/audio/se/menu/Down.mp3",
            1,
            1.3,
            {
                "___cmdID": "71749538404_0.7738807831608956"
            }
        ],
        [
            4,
            "聊天",
            -1,
            -1,
            0,
            0,
            [],
            {
                "___cmdID": "71749457075_0.1988112779755964"
            }
        ],
        [
            4,
            "离开",
            -1,
            -1,
            0,
            0,
            [],
            {
                "___cmdID": "71749457075_0.0007167440014050896"
            }
        ],
        [
            10,
            {
                "___cmdID": "71749457075_0.8230941347564342"
            }
        ]
    ],
    "id": 4
}